;title;artist;genres;duration;explicit_content
0;Stayin' Alive;Bee Gees;['Pop'];283.0;0.0
1;Short People;Randy Newman;['Pop', 'Rock'];176.0;0.0
2;Baby Come Back;Player;['Rock'];255.0;0.0
3;We Are The Champions;Queen;['Rock'];186.0;0.0
4;(Love Is) Thicker Than Water;Andy Gibb;['Pop'];256.0;0.0
5;Just The Way You Are;Billy Joel;['Rock'];290.0;0.0
6;How Deep Is Your Love;Bee Gees;['Pop'];245.0;0.0
7;Sometimes When We Touch;Dan Hill;['Pop'];252.0;0.0
8;You're In My Heart (The Final Acclaim);Rod Stewart;['Pop', 'Rock'];271.0;0.0
9;Emotion;Samantha Sang;['Pop', 'Disco'];237.0;0.0
10;Dance, Dance, Dance (Yowsah, Yowsah, Yowsah);Chic;['Dance', 'Disco'];501.0;0.0
11;Hey Deanie;Shaun Cassidy;['Pop'];219.0;0.0
12;Turn To Stone;Electric Light Orchestra;['Rock'];229.0;0.0
13;Serpentine Fire;Earth, Wind & Fire;['Pop'];230.0;0.0
14;Slip Slidin' Away;Paul Simon;['Pop'];285.0;0.0
15;I Go Crazy;Paul Davis;['R&B'];232.0;0.0
16;Desiree;Neil Diamond;['Pop'];201.0;0.0
17;Come Sail Away;Styx;['Rock'];365.0;0.0
18;Don't Let Me Be Misunderstood;Santa Esmeralda Starring Leroy Gomez;['Pop'];326.0;0.0
19;Peg;Steely Dan;['Pop'];240.0;0.0
20;What's Your Name;Lynyrd Skynyrd;['Rock'];213.0;0.0
21;"Theme From ""Close Encounters Of The Third Kind""";John Williams;['Jazz'];155.0;0.0
22;Long, Long Way From Home;Foreigner;['Rock', 'Hard Rock'];175.0;0.0
23;Native New Yorker;Odyssey;['Pop'];206.0;0.0
24;Here You Come Again;Dolly Parton;['Country'];179.0;0.0
25;Too Hot Ta Trot;Commodores;[];;
26;Ffun;ConFunkShun;[];;
27;Lay Down Sally;Eric Clapton;[];;
28;Theme From Close Encounters;Meco;[];;
29;Lovely Day;Bill Withers;['Pop'];254.0;0.0
30;Happy Anniversary;Little River Band;['Rock'];242.0;0.0
31;You Light Up My Life;Debby Boone;['Pop'];218.0;0.0
32;Thunder Island;Jay Ferguson;['Rock'];240.0;0.0
33;Street Corner Serenade;Wet Willie;['Rock'];349.0;0.0
34;The Name Of The Game;ABBA;['Pop'];292.0;0.0
35;Easy To Love;Leo Sayer;['Pop'];223.0;0.0
36;I Love You;Donna Summer;['Pop'];198.0;0.0
37;The Way You Do The Things You Do;Rita Coolidge;['Rock'];217.0;0.0
38;Falling;LeBlanc & Carr;['Pop'];191.0;0.0
39;Always And Forever;Heatwave;['Pop'];289.0;0.0
40;(Every Time I Turn Around) Back In Love Again;LTD;['R&B'];280.0;0.0
41;Curious Mind (Um, Um, Um, Um, Um, Um);Johnny Rivers;[];;
42;Galaxy;War;['R&B', 'Soul & Funk'];494.0;0.0
43;Breakdown;Tom Petty And The Heartbreakers;['Pop'];163.0;0.0
44;Runaround Sue;Leif Garrett;['Pop'];142.0;0.0
45;Cocomotion;El Coco;['Disco'];314.0;0.0
46;Sentimental Lady;Bob Welch;['Rock'];178.0;0.0
47;Jack And Jill;Raydio;['Pop', 'R&B'];276.0;0.0
48;Goodbye Girl;David Gates;['Pop'];168.0;0.0
49;So Long;Firefall;['Country', 'Rock'];330.0;0.0
50;Our Love;Natalie Cole;['Jazz'];209.0;0.0
51;Mind Bender;Stillwater;['Classique', 'Rock'];255.0;0.0
52;(What A)  Wonderful World;Art Garfunkel With James Taylor & Paul Simon;[];;
53;Reach For It;George Duke;['Jazz', 'Pop', 'Soul & Funk'];294.0;0.0
54;You Can't Turn Me Off (In The Middle Of Turning Me On);High Inergy;['R&B'];211.0;0.0
55;Blue Bayou;Linda Ronstadt;[];;
56;Point Of Know Return;Kansas;[];;
57;Shout It Out Loud;KISS;[];;
58;Sweet Music Man;Kenny Rogers;[];;
59;Lady Love;Lou Rawls;[];;
60;Take Me To The Kaptin;Prism;['Rock'];237.0;0.0
61;Crazy On You;Heart;['Pop'];293.0;0.0
62;Can't Smile Without You;Barry Manilow;['Pop'];190.0;0.0
63;Dust In The Wind;Kansas;['Rock'];205.0;0.0
64;Poor Poor Pitiful Me;Linda Ronstadt;['Pop'];221.0;0.0
65;Rockaway Beach;Ramones;['Alternative', 'Rock indé', 'Rock'];126.0;0.0
66;What's Your Name, What's Your Number;Andrea True Connection;['Dance'];395.0;0.0
67;Le Spank;Le Pamplemousse;['Electro', 'Techno/House', 'Dance', 'Disco'];621.0;0.0
68;Let It Go, Let It Flow;Dave Mason;['Rock'];196.0;0.0
69;The Next Hundred Years;Al Martino;['Livres audio'];225.0;0.0
70;God Only Knows;Marilyn Scott;[];;
71;Everybody Loves A Rain Song;B.J. Thomas;['Pop'];169.0;0.0
72;Touch And Gone;Gary Wright;['Pop', 'Rock'];291.0;0.0
73;Supernature;Cerrone;['Disco'];585.0;0.0
74;As;Stevie Wonder;['Pop'];428.0;0.0
75;Night Fever;Bee Gees;['Pop'];212.0;0.0
76;Ebony Eyes;Bob Welch;['Rock'];212.0;0.0
77;If I Can't Have You;Yvonne Elliman;['Pop'];177.0;0.0
78;Home Bound;Ted Nugent;[];;
79;You Really Got Me;Van Halen;['Rock', 'Hard Rock'];156.0;0.0
80;It's You That I Need;Enchantment;['R&B'];360.0;0.0
81;Until Now;Bobby Arvon;[];;
82;Storybook Children (Daybreak);Bette Midler;[];;
83;"Theme Song From ""Which Way Is Up""";Stargard;['Disco'];284.0;0.0
84;Silver Dreams;The Babys;['Rock'];243.0;0.0
85;Before My Heart Finds Out;Gene Cotton;['Classique', 'Rock'];151.0;0.0
86;Hollywood;Boz Scaggs;['Rock'];189.0;0.0
87;Come Go With Me;Pockets;['Pop'];265.0;0.0
88;Sweet, Sweet Smile;Carpenters;['Pop'];181.0;0.0
89;You Brought The Woman Out Of Me;Hot;['R&B', 'Soul & Funk', 'Soul'];200.0;0.0
90;Love Me Right;Denise LaSalle;['Soul'];218.0;0.0
91;1,000 Laughs;Eloise Laws;['R&B'];208.0;0.0
92;Ain't Gonna' Hurt Nobody;Brick;['Pop'];235.0;0.0
93;Never Had A Love;Pablo Cruise;['Pop'];309.0;0.0
94;Don't It Make My Brown Eyes Blue;Crystal Gayle;['Country'];157.0;0.0
95;The Way I Feel Tonight;Bay City Rollers;['Pop'];232.0;0.0
96;It's So Easy;Linda Ronstadt;['Pop'];145.0;0.0
97;Ooh Boy;Rose Royce;['Pop', 'R&B'];258.0;0.0
98;If It Don't Fit, Don't Force It;Kellee Patterson;['R&B', 'Soul'];318.0;0.0
99;Belle;Al Green;['R&B', 'Soul'];291.0;0.0
